{
  "zero_agreement": 0.5373493975903615,
  "perfect_agreement": 0.10602409638554217,
  "averages": {
    "keys": 0.4851405622489961,
    "vals": 0.4538152610441768,
    "pairs": 0.49368112449799206,
    "total": 0.2130676409341067
  }
}