{
  "zero_agreement": 0.5373493975903615,
  "perfect_agreement": 0.4072289156626506,
  "averages": {
    "keys": 0.4851405622489961,
    "vals": 0.4538152610441768,
    "pairs": 0.49368112449799206,
    "total": 0.42715473003123605
  }
}